variant,samples,features,k,iterations,runtime_s,inertia,silhouette
serial,3000,10,3,3,0.002325800000107847,10553.004752586201,0.5457470471250421
serial,6000,10,5,4,0.017063400002371054,4353.596110461194,0.7076807485623723
serial,10000,20,5,17,0.1399978999979794,48543.87318066119,0.5019165785568486
