variant,samples,features,k,iterations,runtime_s,inertia,silhouette
serial,3000,10,3,3,0.0033526760000768263,10553.004752586201,0.5457470471250421
serial,6000,10,5,4,0.009872549999954572,4353.596110461194,0.7076807485623723
serial,10000,20,5,17,0.11478966900006071,48543.87318066119,0.5019165785568486
