method,n,density,time_s,nnz,correct
serial_dense_from_sparse,256,0.01,0.49075822899999366,655,
parallel_rows_dense_from_sparse,256,0.01,2.3947235470000123,655,True
scipy_sparse_csr,256,0.01,0.09860153500000024,655,True
serial_dense_from_sparse,256,0.05,0.6900202310000054,3277,
parallel_rows_dense_from_sparse,256,0.05,3.5047265499999867,3277,True
scipy_sparse_csr,256,0.05,0.002504116000011436,3277,True
serial_dense_from_sparse,512,0.01,1.3838910839999699,2621,
parallel_rows_dense_from_sparse,512,0.01,7.012345141000026,2621,True
scipy_sparse_csr,512,0.01,0.0019938609999599066,2621,True
